{
    "loss": 1.1366618871688843,
    "accuracy": 0.8889037370681763
}