{
    "loss": 33.81856918334961,
    "accuracy": 0.9570609331130981
}